company_id,type,rule_id,text,confidence_pct
ABB,pro,1,Consistently high return on equity above 20% demonstrates exceptional capital efficiency,90
ABB,pro,3,Debt-free balance sheet provides financial flexibility and eliminates interest burden,90
ABB,pro,6,Net profit compounding at above 20% over 5 years creates significant shareholder value,67
ABB,pro,7,Very high interest coverage ratio reflects negligible financial stress from debt servicing,85
ABB,pro,8,Consistent dividend yield above 2% backed by positive free cash flow,70
ABB,pro,9,Earnings per share growing above 15% CAGR indicates strong earnings quality and compounding,77
ABB,pro,10,Return on equity improving for 3 consecutive years shows strengthening business quality,75
ABB,pro,11,Revenue growing slower than profits shows improving operating leverage and scale benefits,70
ABB,pro,12,Growing asset base funded by internal accruals reflects self-sustaining growth,72
ABB,con,0,Insufficient historical data to identify specific risk factors at this time,60
ADANIENSOL,pro,4,Revenue growing at above 15% CAGR over 5 years reflects strong business momentum,69
ADANIENSOL,pro,5,Operating profit margin above 25% indicates strong pricing power and cost discipline,74
ADANIENSOL,con,1,Debt-to-equity ratio of 2.9 is elevated for a non-financial company and warrants monitoring,69
ADANIENSOL,con,11,Net debt exceeding 3 times FCF is a high leverage ratio and limits financial flexibility,72
ADANIENT,pro,4,Revenue growing at above 15% CAGR over 5 years reflects strong business momentum,73
ADANIENT,pro,6,Net profit compounding at above 20% over 5 years creates significant shareholder value,100
ADANIENT,pro,9,Earnings per share growing above 15% CAGR indicates strong earnings quality and compounding,97
ADANIENT,pro,10,Return on equity improving for 3 consecutive years shows strengthening business quality,75
ADANIENT,pro,11,Revenue growing slower than profits shows improving operating leverage and scale benefits,70
ADANIENT,con,0,Insufficient historical data to identify specific risk factors at this time,60
ADANIGREEN,pro,4,Revenue growing at above 15% CAGR over 5 years reflects strong business momentum,100
ADANIGREEN,pro,5,Operating profit margin above 25% indicates strong pricing power and cost discipline,100
ADANIGREEN,pro,12,Growing asset base funded by internal accruals reflects self-sustaining growth,72
ADANIGREEN,con,1,Debt-to-equity ratio of 6.6 is elevated for a non-financial company and warrants monitoring,87
ADANIPORTS,pro,4,Revenue growing at above 15% CAGR over 5 years reflects strong business momentum,73
ADANIPORTS,pro,5,Operating profit margin above 25% indicates strong pricing power and cost discipline,98
ADANIPORTS,pro,8,Consistent dividend yield above 2% backed by positive free cash flow,70
ADANIPORTS,pro,10,Return on equity improving for 3 consecutive years shows strengthening business quality,75
ADANIPORTS,con,11,Net debt exceeding 3 times FCF is a high leverage ratio and limits financial flexibility,72
ADANIPOWER,pro,1,Consistently high return on equity above 20% demonstrates exceptional capital efficiency,70
ADANIPOWER,pro,2,Strong free cash flow generation over 5 years signals healthy business fundamentals,85
ADANIPOWER,pro,4,Revenue growing at above 15% CAGR over 5 years reflects strong business momentum,67
ADANIPOWER,pro,5,Operating profit margin above 25% indicates strong pricing power and cost discipline,76
ADANIPOWER,pro,10,Return on equity improving for 3 consecutive years shows strengthening business quality,75
ADANIPOWER,pro,12,Growing asset base funded by internal accruals reflects self-sustaining growth,72
ADANIPOWER,con,0,Insufficient historical data to identify specific risk factors at this time,60
AMBUJACEM,pro,3,Debt-free balance sheet provides financial flexibility and eliminates interest burden,90
AMBUJACEM,pro,7,Very high interest coverage ratio reflects negligible financial stress from debt servicing,85
AMBUJACEM,pro,11,Revenue growing slower than profits shows improving operating leverage and scale benefits,70
AMBUJACEM,con,12,Revenue growing at below 5% over 5 years lags inflation and suggests limited business momentum,68
APOLLOHOSP,pro,2,Strong free cash flow generation over 5 years signals healthy business fundamentals,76
APOLLOHOSP,pro,6,Net profit compounding at above 20% over 5 years creates significant shareholder value,97
APOLLOHOSP,pro,8,Consistent dividend yield above 2% backed by positive free cash flow,70
APOLLOHOSP,pro,9,Earnings per share growing above 15% CAGR indicates strong earnings quality and compounding,93
APOLLOHOSP,pro,11,Revenue growing slower than profits shows improving operating leverage and scale benefits,70
APOLLOHOSP,con,11,Net debt exceeding 3 times FCF is a high leverage ratio and limits financial flexibility,72
ASIANPAINT,pro,1,Consistently high return on equity above 20% demonstrates exceptional capital efficiency,100
ASIANPAINT,pro,2,Strong free cash flow generation over 5 years signals healthy business fundamentals,91
ASIANPAINT,pro,6,Net profit compounding at above 20% over 5 years creates significant shareholder value,65
ASIANPAINT,pro,7,Very high interest coverage ratio reflects negligible financial stress from debt servicing,85
ASIANPAINT,pro,8,Consistent dividend yield above 2% backed by positive free cash flow,70
ASIANPAINT,pro,9,Earnings per share growing above 15% CAGR indicates strong earnings quality and compounding,75
ASIANPAINT,pro,10,Return on equity improving for 3 consecutive years shows strengthening business quality,75
ASIANPAINT,pro,11,Revenue growing slower than profits shows improving operating leverage and scale benefits,70
ASIANPAINT,con,8,Rising debt-to-equity ratio over 3 years suggests increasing financial leverage risk,72
ATGL,pro,4,Revenue growing at above 15% CAGR over 5 years reflects strong business momentum,77
ATGL,pro,6,Net profit compounding at above 20% over 5 years creates significant shareholder value,71
ATGL,pro,7,Very high interest coverage ratio reflects negligible financial stress from debt servicing,85
ATGL,pro,9,Earnings per share growing above 15% CAGR indicates strong earnings quality and compounding,83
ATGL,pro,11,Revenue growing slower than profits shows improving operating leverage and scale benefits,70
ATGL,con,0,Insufficient historical data to identify specific risk factors at this time,60
AXISBANK,pro,5,Operating profit margin above 25% indicates strong pricing power and cost discipline,74
AXISBANK,pro,6,Net profit compounding at above 20% over 5 years creates significant shareholder value,100
AXISBANK,pro,9,Earnings per share growing above 15% CAGR indicates strong earnings quality and compounding,100
AXISBANK,pro,11,Revenue growing slower than profits shows improving operating leverage and scale benefits,70
AXISBANK,con,0,Insufficient historical data to identify specific risk factors at this time,60
BAJAJ-AUTO,pro,1,Consistently high return on equity above 20% demonstrates exceptional capital efficiency,70
BAJAJ-AUTO,pro,2,Strong free cash flow generation over 5 years signals healthy business fundamentals,76
BAJAJ-AUTO,pro,3,Debt-free balance sheet provides financial flexibility and eliminates interest burden,90
BAJAJ-AUTO,pro,7,Very high interest coverage ratio reflects negligible financial stress from debt servicing,85
BAJAJ-AUTO,pro,8,Consistent dividend yield above 2% backed by positive free cash flow,70
BAJAJ-AUTO,pro,11,Revenue growing slower than profits shows improving operating leverage and scale benefits,70
BAJAJ-AUTO,con,8,Rising debt-to-equity ratio over 3 years suggests increasing financial leverage risk,72
BAJAJFINSV,pro,1,Consistently high return on equity above 20% demonstrates exceptional capital efficiency,75
BAJAJFINSV,pro,4,Revenue growing at above 15% CAGR over 5 years reflects strong business momentum,75
BAJAJFINSV,pro,5,Operating profit margin above 25% indicates strong pricing power and cost discipline,77
BAJAJFINSV,pro,6,Net profit compounding at above 20% over 5 years creates significant shareholder value,71
BAJAJFINSV,pro,9,Earnings per share growing above 15% CAGR indicates strong earnings quality and compounding,75
BAJAJFINSV,pro,11,Revenue growing slower than profits shows improving operating leverage and scale benefits,70
BAJAJFINSV,con,2,Free cash flow negative for 3 consecutive years raises concern about cash generation quality,65
BAJAJFINSV,con,8,Rising debt-to-equity ratio over 3 years suggests increasing financial leverage risk,72
BAJAJHLDNG,pro,3,Debt-free balance sheet provides financial flexibility and eliminates interest burden,90
BAJAJHLDNG,pro,4,Revenue growing at above 15% CAGR over 5 years reflects strong business momentum,97
BAJAJHLDNG,pro,5,Operating profit margin above 25% indicates strong pricing power and cost discipline,100
BAJAJHLDNG,pro,7,Very high interest coverage ratio reflects negligible financial stress from debt servicing,85
BAJAJHLDNG,pro,8,Consistent dividend yield above 2% backed by positive free cash flow,70
BAJAJHLDNG,pro,9,Earnings per share growing above 15% CAGR indicates strong earnings quality and compounding,71
BAJAJHLDNG,pro,10,Return on equity improving for 3 consecutive years shows strengthening business quality,75
BAJAJHLDNG,pro,12,Growing asset base funded by internal accruals reflects self-sustaining growth,72
BAJAJHLDNG,con,0,Insufficient historical data to identify specific risk factors at this time,60
BAJFINANCE,pro,4,Revenue growing at above 15% CAGR over 5 years reflects strong business momentum,83
BAJFINANCE,pro,5,Operating profit margin above 25% indicates strong pricing power and cost discipline,69
BAJFINANCE,pro,6,Net profit compounding at above 20% over 5 years creates significant shareholder value,83
BAJFINANCE,pro,7,Very high interest coverage ratio reflects negligible financial stress from debt servicing,85
BAJFINANCE,pro,9,Earnings per share growing above 15% CAGR indicates strong earnings quality and compounding,89
BAJFINANCE,pro,11,Revenue growing slower than profits shows improving operating leverage and scale benefits,70
BAJFINANCE,con,2,Free cash flow negative for 3 consecutive years raises concern about cash generation quality,100
BAJFINANCE,con,3,Operating margins declining for 3 consecutive years suggest pricing or cost pressure,75
BANKBARODA,pro,4,Revenue growing at above 15% CAGR over 5 years reflects strong business momentum,69
BANKBARODA,pro,5,Operating profit margin above 25% indicates strong pricing power and cost discipline,77
BANKBARODA,pro,6,Net profit compounding at above 20% over 5 years creates significant shareholder value,100
BANKBARODA,pro,9,Earnings per share growing above 15% CAGR indicates strong earnings quality and compounding,100
BANKBARODA,pro,10,Return on equity improving for 3 consecutive years shows strengthening business quality,75
BANKBARODA,pro,11,Revenue growing slower than profits shows improving operating leverage and scale benefits,70
BANKBARODA,pro,12,Growing asset base funded by internal accruals reflects self-sustaining growth,72
BANKBARODA,con,3,Operating margins declining for 3 consecutive years suggest pricing or cost pressure,75
BEL,pro,1,Consistently high return on equity above 20% demonstrates exceptional capital efficiency,100
BEL,pro,7,Very high interest coverage ratio reflects negligible financial stress from debt servicing,85
BEL,pro,10,Return on equity improving for 3 consecutive years shows strengthening business quality,75
BEL,pro,11,Revenue growing slower than profits shows improving operating leverage and scale benefits,70
BEL,pro,12,Growing asset base funded by internal accruals reflects self-sustaining growth,72
BEL,con,0,Insufficient historical data to identify specific risk factors at this time,60
BHARTIARTL,pro,5,Operating profit margin above 25% indicates strong pricing power and cost discipline,92
BHARTIARTL,pro,6,Net profit compounding at above 20% over 5 years creates significant shareholder value,100
BHARTIARTL,pro,8,Consistent dividend yield above 2% backed by positive free cash flow,70
BHARTIARTL,pro,9,Earnings per share growing above 15% CAGR indicates strong earnings quality and compounding,100
BHARTIARTL,pro,11,Revenue growing slower than profits shows improving operating leverage and scale benefits,70
BHARTIARTL,con,1,Debt-to-equity ratio of 2.6 is elevated for a non-financial company and warrants monitoring,68
BHARTIARTL,con,11,Net debt exceeding 3 times FCF is a high leverage ratio and limits financial flexibility,72
BHEL,pro,0,Company is part of Nifty 100 index reflecting established market position,60
BHEL,con,5,Revenue contraction over 2 consecutive years indicates demand weakness or market share loss,80
BHEL,con,8,Rising debt-to-equity ratio over 3 years suggests increasing financial leverage risk,72
BHEL,con,10,Return on capital employed below 10% suggests the business is not generating sufficient returns on invested capital,70
BOSCHLTD,pro,2,Strong free cash flow generation over 5 years signals healthy business fundamentals,91
BOSCHLTD,pro,3,Debt-free balance sheet provides financial flexibility and eliminates interest burden,90
BOSCHLTD,pro,7,Very high interest coverage ratio reflects negligible financial stress from debt servicing,85
BOSCHLTD,pro,8,Consistent dividend yield above 2% backed by positive free cash flow,70
BOSCHLTD,pro,10,Return on equity improving for 3 consecutive years shows strengthening business quality,75
BOSCHLTD,pro,11,Revenue growing slower than profits shows improving operating leverage and scale benefits,70
BOSCHLTD,pro,12,Growing asset base funded by internal accruals reflects self-sustaining growth,72
BOSCHLTD,con,0,Insufficient historical data to identify specific risk factors at this time,60
BPCL,pro,6,Net profit compounding at above 20% over 5 years creates significant shareholder value,75
BPCL,pro,7,Very high interest coverage ratio reflects negligible financial stress from debt servicing,85
BPCL,pro,8,Consistent dividend yield above 2% backed by positive free cash flow,70
BPCL,pro,9,Earnings per share growing above 15% CAGR indicates strong earnings quality and compounding,91
BPCL,pro,11,Revenue growing slower than profits shows improving operating leverage and scale benefits,70
BPCL,con,0,Insufficient historical data to identify specific risk factors at this time,60
BRITANNIA,pro,1,Consistently high return on equity above 20% demonstrates exceptional capital efficiency,100
BRITANNIA,pro,7,Very high interest coverage ratio reflects negligible financial stress from debt servicing,85
BRITANNIA,pro,8,Consistent dividend yield above 2% backed by positive free cash flow,70
BRITANNIA,pro,11,Revenue growing slower than profits shows improving operating leverage and scale benefits,70
BRITANNIA,pro,12,Growing asset base funded by internal accruals reflects self-sustaining growth,72
BRITANNIA,con,0,Insufficient historical data to identify specific risk factors at this time,60
CANBK,pro,4,Revenue growing at above 15% CAGR over 5 years reflects strong business momentum,71
CANBK,pro,5,Operating profit margin above 25% indicates strong pricing power and cost discipline,81
CANBK,pro,6,Net profit compounding at above 20% over 5 years creates significant shareholder value,100
CANBK,pro,8,Consistent dividend yield above 2% backed by positive free cash flow,70
CANBK,pro,9,Earnings per share growing above 15% CAGR indicates strong earnings quality and compounding,100
CANBK,pro,10,Return on equity improving for 3 consecutive years shows strengthening business quality,75
CANBK,pro,11,Revenue growing slower than profits shows improving operating leverage and scale benefits,70
CANBK,pro,12,Growing asset base funded by internal accruals reflects self-sustaining growth,72
CANBK,con,3,Operating margins declining for 3 consecutive years suggest pricing or cost pressure,75
CANBK,con,11,Net debt exceeding 3 times FCF is a high leverage ratio and limits financial flexibility,72
CHOLAFIN,pro,4,Revenue growing at above 15% CAGR over 5 years reflects strong business momentum,77
CHOLAFIN,pro,5,Operating profit margin above 25% indicates strong pricing power and cost discipline,68
CHOLAFIN,pro,6,Net profit compounding at above 20% over 5 years creates significant shareholder value,71
CHOLAFIN,pro,7,Very high interest coverage ratio reflects negligible financial stress from debt servicing,85
CHOLAFIN,pro,9,Earnings per share growing above 15% CAGR indicates strong earnings quality and compounding,79
CHOLAFIN,pro,11,Revenue growing slower than profits shows improving operating leverage and scale benefits,70
CHOLAFIN,con,2,Free cash flow negative for 3 consecutive years raises concern about cash generation quality,100
CHOLAFIN,con,3,Operating margins declining for 3 consecutive years suggest pricing or cost pressure,75
CHOLAFIN,con,8,Rising debt-to-equity ratio over 3 years suggests increasing financial leverage risk,72
CIPLA,pro,2,Strong free cash flow generation over 5 years signals healthy business fundamentals,79
CIPLA,pro,3,Debt-free balance sheet provides financial flexibility and eliminates interest burden,90
CIPLA,pro,5,Operating profit margin above 25% indicates strong pricing power and cost discipline,100
CIPLA,pro,6,Net profit compounding at above 20% over 5 years creates significant shareholder value,69
CIPLA,pro,7,Very high interest coverage ratio reflects negligible financial stress from debt servicing,85
CIPLA,pro,8,Consistent dividend yield above 2% backed by positive free cash flow,70
CIPLA,pro,9,Earnings per share growing above 15% CAGR indicates strong earnings quality and compounding,77
CIPLA,pro,11,Revenue growing slower than profits shows improving operating leverage and scale benefits,70
CIPLA,pro,12,Growing asset base funded by internal accruals reflects self-sustaining growth,72
CIPLA,con,3,Operating margins declining for 3 consecutive years suggest pricing or cost pressure,75
COALINDIA,pro,1,Consistently high return on equity above 20% demonstrates exceptional capital efficiency,100
COALINDIA,pro,2,Strong free cash flow generation over 5 years signals healthy business fundamentals,91
COALINDIA,pro,3,Debt-free balance sheet provides financial flexibility and eliminates interest burden,90
COALINDIA,pro,5,Operating profit margin above 25% indicates strong pricing power and cost discipline,100
COALINDIA,pro,7,Very high interest coverage ratio reflects negligible financial stress from debt servicing,85
COALINDIA,pro,8,Consistent dividend yield above 2% backed by positive free cash flow,70
COALINDIA,pro,9,Earnings per share growing above 15% CAGR indicates strong earnings quality and compounding,67
COALINDIA,pro,11,Revenue growing slower than profits shows improving operating leverage and scale benefits,70
COALINDIA,con,3,Operating margins declining for 3 consecutive years suggest pricing or cost pressure,75
DABUR,pro,2,Strong free cash flow generation over 5 years signals healthy business fundamentals,91
DABUR,pro,7,Very high interest coverage ratio reflects negligible financial stress from debt servicing,85
DABUR,pro,8,Consistent dividend yield above 2% backed by positive free cash flow,70
DABUR,con,8,Rising debt-to-equity ratio over 3 years suggests increasing financial leverage risk,72
DIVISLAB,pro,3,Debt-free balance sheet provides financial flexibility and eliminates interest burden,90
DIVISLAB,pro,5,Operating profit margin above 25% indicates strong pricing power and cost discipline,68
DIVISLAB,pro,7,Very high interest coverage ratio reflects negligible financial stress from debt servicing,85
DIVISLAB,pro,8,Consistent dividend yield above 2% backed by positive free cash flow,70
DIVISLAB,pro,12,Growing asset base funded by internal accruals reflects self-sustaining growth,72
DIVISLAB,con,3,Operating margins declining for 3 consecutive years suggest pricing or cost pressure,75
DIVISLAB,con,9,Earnings per share declining for 3 consecutive years reflects deteriorating profitability,75
DLF,pro,2,Strong free cash flow generation over 5 years signals healthy business fundamentals,73
DLF,pro,5,Operating profit margin above 25% indicates strong pricing power and cost discipline,73
DLF,pro,8,Consistent dividend yield above 2% backed by positive free cash flow,70
DLF,pro,10,Return on equity improving for 3 consecutive years shows strengthening business quality,75
DLF,pro,11,Revenue growing slower than profits shows improving operating leverage and scale benefits,70
DLF,con,5,Revenue contraction over 2 consecutive years indicates demand weakness or market share loss,80
DLF,con,10,Return on capital employed below 10% suggests the business is not generating sufficient returns on invested capital,70
DMART,pro,3,Debt-free balance sheet provides financial flexibility and eliminates interest burden,90
DMART,pro,4,Revenue growing at above 15% CAGR over 5 years reflects strong business momentum,75
DMART,pro,6,Net profit compounding at above 20% over 5 years creates significant shareholder value,69
DMART,pro,7,Very high interest coverage ratio reflects negligible financial stress from debt servicing,85
DMART,pro,9,Earnings per share growing above 15% CAGR indicates strong earnings quality and compounding,79
DMART,pro,11,Revenue growing slower than profits shows improving operating leverage and scale benefits,70
DMART,pro,12,Growing asset base funded by internal accruals reflects self-sustaining growth,72
DMART,con,0,Insufficient historical data to identify specific risk factors at this time,60
DRREDDY,pro,2,Strong free cash flow generation over 5 years signals healthy business fundamentals,88
DRREDDY,pro,3,Debt-free balance sheet provides financial flexibility and eliminates interest burden,90
DRREDDY,pro,5,Operating profit margin above 25% indicates strong pricing power and cost discipline,68
DRREDDY,pro,6,Net profit compounding at above 20% over 5 years creates significant shareholder value,71
DRREDDY,pro,7,Very high interest coverage ratio reflects negligible financial stress from debt servicing,85
DRREDDY,pro,8,Consistent dividend yield above 2% backed by positive free cash flow,70
DRREDDY,pro,9,Earnings per share growing above 15% CAGR indicates strong earnings quality and compounding,81
DRREDDY,pro,10,Return on equity improving for 3 consecutive years shows strengthening business quality,75
DRREDDY,pro,11,Revenue growing slower than profits shows improving operating leverage and scale benefits,70
DRREDDY,con,0,Insufficient historical data to identify specific risk factors at this time,60
EICHERMOT,pro,2,Strong free cash flow generation over 5 years signals healthy business fundamentals,76
EICHERMOT,pro,3,Debt-free balance sheet provides financial flexibility and eliminates interest burden,90
EICHERMOT,pro,5,Operating profit margin above 25% indicates strong pricing power and cost discipline,66
EICHERMOT,pro,7,Very high interest coverage ratio reflects negligible financial stress from debt servicing,85
EICHERMOT,pro,8,Consistent dividend yield above 2% backed by positive free cash flow,70
EICHERMOT,pro,10,Return on equity improving for 3 consecutive years shows strengthening business quality,75
EICHERMOT,pro,11,Revenue growing slower than profits shows improving operating leverage and scale benefits,70
EICHERMOT,con,8,Rising debt-to-equity ratio over 3 years suggests increasing financial leverage risk,72
GAIL,pro,7,Very high interest coverage ratio reflects negligible financial stress from debt servicing,85
GAIL,pro,8,Consistent dividend yield above 2% backed by positive free cash flow,70
GAIL,con,8,Rising debt-to-equity ratio over 3 years suggests increasing financial leverage risk,72
GODREJCP,pro,0,Company is part of Nifty 100 index reflecting established market position,60
GODREJCP,con,4,Company reported a net loss in the most recent financial year,90
GODREJCP,con,10,Return on capital employed below 10% suggests the business is not generating sufficient returns on invested capital,70
GRASIM,pro,6,Net profit compounding at above 20% over 5 years creates significant shareholder value,83
GRASIM,pro,9,Earnings per share growing above 15% CAGR indicates strong earnings quality and compounding,89
GRASIM,pro,11,Revenue growing slower than profits shows improving operating leverage and scale benefits,70
GRASIM,con,8,Rising debt-to-equity ratio over 3 years suggests increasing financial leverage risk,72
GRASIM,con,9,Earnings per share declining for 3 consecutive years reflects deteriorating profitability,75
HAL,pro,1,Consistently high return on equity above 20% demonstrates exceptional capital efficiency,100
HAL,pro,5,Operating profit margin above 25% indicates strong pricing power and cost discipline,72
HAL,pro,6,Net profit compounding at above 20% over 5 years creates significant shareholder value,77
HAL,pro,7,Very high interest coverage ratio reflects negligible financial stress from debt servicing,85
HAL,pro,8,Consistent dividend yield above 2% backed by positive free cash flow,70
HAL,pro,9,Earnings per share growing above 15% CAGR indicates strong earnings quality and compounding,87
HAL,pro,11,Revenue growing slower than profits shows improving operating leverage and scale benefits,70
HAL,con,8,Rising debt-to-equity ratio over 3 years suggests increasing financial leverage risk,72
HAVELLS,pro,3,Debt-free balance sheet provides financial flexibility and eliminates interest burden,90
HAVELLS,pro,7,Very high interest coverage ratio reflects negligible financial stress from debt servicing,85
HAVELLS,pro,8,Consistent dividend yield above 2% backed by positive free cash flow,70
HAVELLS,con,0,Insufficient historical data to identify specific risk factors at this time,60
HCLTECH,pro,1,Consistently high return on equity above 20% demonstrates exceptional capital efficiency,70
HCLTECH,pro,2,Strong free cash flow generation over 5 years signals healthy business fundamentals,91
HCLTECH,pro,3,Debt-free balance sheet provides financial flexibility and eliminates interest burden,90
HCLTECH,pro,7,Very high interest coverage ratio reflects negligible financial stress from debt servicing,85
HCLTECH,pro,8,Consistent dividend yield above 2% backed by positive free cash flow,70
HCLTECH,pro,10,Return on equity improving for 3 consecutive years shows strengthening business quality,75
HCLTECH,con,3,Operating margins declining for 3 consecutive years suggest pricing or cost pressure,75
HDFCBANK,pro,4,Revenue growing at above 15% CAGR over 5 years reflects strong business momentum,77
HDFCBANK,pro,5,Operating profit margin above 25% indicates strong pricing power and cost discipline,100
HDFCBANK,pro,6,Net profit compounding at above 20% over 5 years creates significant shareholder value,71
HDFCBANK,pro,8,Consistent dividend yield above 2% backed by positive free cash flow,70
HDFCBANK,pro,9,Earnings per share growing above 15% CAGR indicates strong earnings quality and compounding,65
HDFCBANK,pro,11,Revenue growing slower than profits shows improving operating leverage and scale benefits,70
HDFCBANK,con,6,Interest coverage ratio below 1.5x indicates the company is at risk of not meeting its debt obligations,85
HDFCBANK,con,11,Net debt exceeding 3 times FCF is a high leverage ratio and limits financial flexibility,72
HDFCLIFE,pro,3,Debt-free balance sheet provides financial flexibility and eliminates interest burden,90
HDFCLIFE,pro,4,Revenue growing at above 15% CAGR over 5 years reflects strong business momentum,77
HDFCLIFE,pro,5,Operating profit margin above 25% indicates strong pricing power and cost discipline,100
HDFCLIFE,pro,7,Very high interest coverage ratio reflects negligible financial stress from debt servicing,85
HDFCLIFE,pro,10,Return on equity improving for 3 consecutive years shows strengthening business quality,75
HDFCLIFE,con,0,Insufficient historical data to identify specific risk factors at this time,60
HEROMOTOCO,pro,2,Strong free cash flow generation over 5 years signals healthy business fundamentals,88
HEROMOTOCO,pro,3,Debt-free balance sheet provides financial flexibility and eliminates interest burden,90
HEROMOTOCO,pro,5,Operating profit margin above 25% indicates strong pricing power and cost discipline,100
HEROMOTOCO,pro,7,Very high interest coverage ratio reflects negligible financial stress from debt servicing,85
HEROMOTOCO,pro,8,Consistent dividend yield above 2% backed by positive free cash flow,70
HEROMOTOCO,pro,10,Return on equity improving for 3 consecutive years shows strengthening business quality,75
HEROMOTOCO,con,3,Operating margins declining for 3 consecutive years suggest pricing or cost pressure,75
HEROMOTOCO,con,12,Revenue growing at below 5% over 5 years lags inflation and suggests limited business momentum,68
HINDALCO,pro,5,Operating profit margin above 25% indicates strong pricing power and cost discipline,100
HINDALCO,pro,7,Very high interest coverage ratio reflects negligible financial stress from debt servicing,85
HINDALCO,pro,8,Consistent dividend yield above 2% backed by positive free cash flow,70
HINDALCO,pro,11,Revenue growing slower than profits shows improving operating leverage and scale benefits,70
HINDALCO,pro,12,Growing asset base funded by internal accruals reflects self-sustaining growth,72
HINDALCO,con,11,Net debt exceeding 3 times FCF is a high leverage ratio and limits financial flexibility,72
HINDUNILVR,pro,2,Strong free cash flow generation over 5 years signals healthy business fundamentals,91
HINDUNILVR,pro,3,Debt-free balance sheet provides financial flexibility and eliminates interest burden,90
HINDUNILVR,pro,5,Operating profit margin above 25% indicates strong pricing power and cost discipline,100
HINDUNILVR,pro,7,Very high interest coverage ratio reflects negligible financial stress from debt servicing,85
HINDUNILVR,pro,8,Consistent dividend yield above 2% backed by positive free cash flow,70
HINDUNILVR,pro,11,Revenue growing slower than profits shows improving operating leverage and scale benefits,70
HINDUNILVR,con,8,Rising debt-to-equity ratio over 3 years suggests increasing financial leverage risk,72
ICICIBANK,pro,4,Revenue growing at above 15% CAGR over 5 years reflects strong business momentum,69
ICICIBANK,pro,5,Operating profit margin above 25% indicates strong pricing power and cost discipline,100
ICICIBANK,pro,6,Net profit compounding at above 20% over 5 years creates significant shareholder value,100
ICICIBANK,pro,8,Consistent dividend yield above 2% backed by positive free cash flow,70
ICICIBANK,pro,9,Earnings per share growing above 15% CAGR indicates strong earnings quality and compounding,100
ICICIBANK,pro,10,Return on equity improving for 3 consecutive years shows strengthening business quality,75
ICICIBANK,pro,11,Revenue growing slower than profits shows improving operating leverage and scale benefits,70
ICICIBANK,pro,12,Growing asset base funded by internal accruals reflects self-sustaining growth,72
ICICIBANK,con,3,Operating margins declining for 3 consecutive years suggest pricing or cost pressure,75
ICICIBANK,con,6,Interest coverage ratio below 1.5x indicates the company is at risk of not meeting its debt obligations,85
ICICIBANK,con,11,Net debt exceeding 3 times FCF is a high leverage ratio and limits financial flexibility,72
ICICIGI,pro,2,Strong free cash flow generation over 5 years signals healthy business fundamentals,76
ICICIGI,pro,3,Debt-free balance sheet provides financial flexibility and eliminates interest burden,90
ICICIGI,pro,5,Operating profit margin above 25% indicates strong pricing power and cost discipline,100
ICICIGI,pro,7,Very high interest coverage ratio reflects negligible financial stress from debt servicing,85
ICICIGI,pro,8,Consistent dividend yield above 2% backed by positive free cash flow,70
ICICIGI,pro,12,Growing asset base funded by internal accruals reflects self-sustaining growth,72
ICICIGI,con,3,Operating margins declining for 3 consecutive years suggest pricing or cost pressure,75
ICICIPRULI,pro,4,Revenue growing at above 15% CAGR over 5 years reflects strong business momentum,67
ICICIPRULI,pro,5,Operating profit margin above 25% indicates strong pricing power and cost discipline,100
ICICIPRULI,pro,7,Very high interest coverage ratio reflects negligible financial stress from debt servicing,85
ICICIPRULI,pro,8,Consistent dividend yield above 2% backed by positive free cash flow,70
ICICIPRULI,pro,12,Growing asset base funded by internal accruals reflects self-sustaining growth,72
ICICIPRULI,con,0,Insufficient historical data to identify specific risk factors at this time,60
INDIGO,pro,2,Strong free cash flow generation over 5 years signals healthy business fundamentals,73
INDIGO,pro,3,Debt-free balance sheet provides financial flexibility and eliminates interest burden,90
INDIGO,pro,4,Revenue growing at above 15% CAGR over 5 years reflects strong business momentum,73
INDIGO,pro,5,Operating profit margin above 25% indicates strong pricing power and cost discipline,100
INDIGO,pro,6,Net profit compounding at above 20% over 5 years creates significant shareholder value,100
INDIGO,pro,7,Very high interest coverage ratio reflects negligible financial stress from debt servicing,85
INDIGO,pro,9,Earnings per share growing above 15% CAGR indicates strong earnings quality and compounding,100
INDIGO,pro,10,Return on equity improving for 3 consecutive years shows strengthening business quality,75
INDIGO,pro,11,Revenue growing slower than profits shows improving operating leverage and scale benefits,70
INDIGO,con,3,Operating margins declining for 3 consecutive years suggest pricing or cost pressure,75
INDUSINDBK,pro,4,Revenue growing at above 15% CAGR over 5 years reflects strong business momentum,65
INDUSINDBK,pro,5,Operating profit margin above 25% indicates strong pricing power and cost discipline,78
INDUSINDBK,pro,6,Net profit compounding at above 20% over 5 years creates significant shareholder value,69
INDUSINDBK,pro,9,Earnings per share growing above 15% CAGR indicates strong earnings quality and compounding,65
INDUSINDBK,pro,10,Return on equity improving for 3 consecutive years shows strengthening business quality,75
INDUSINDBK,pro,11,Revenue growing slower than profits shows improving operating leverage and scale benefits,70
INDUSINDBK,pro,12,Growing asset base funded by internal accruals reflects self-sustaining growth,72
INDUSINDBK,con,3,Operating margins declining for 3 consecutive years suggest pricing or cost pressure,75
INFY,pro,1,Consistently high return on equity above 20% demonstrates exceptional capital efficiency,100
INFY,pro,2,Strong free cash flow generation over 5 years signals healthy business fundamentals,76
INFY,pro,3,Debt-free balance sheet provides financial flexibility and eliminates interest burden,90
INFY,pro,7,Very high interest coverage ratio reflects negligible financial stress from debt servicing,85
INFY,con,3,Operating margins declining for 3 consecutive years suggest pricing or cost pressure,75
IOC,pro,6,Net profit compounding at above 20% over 5 years creates significant shareholder value,65
IOC,pro,7,Very high interest coverage ratio reflects negligible financial stress from debt servicing,85
IOC,pro,8,Consistent dividend yield above 2% backed by positive free cash flow,70
IOC,pro,9,Earnings per share growing above 15% CAGR indicates strong earnings quality and compounding,75
IOC,pro,11,Revenue growing slower than profits shows improving operating leverage and scale benefits,70
IOC,con,0,Insufficient historical data to identify specific risk factors at this time,60
IRCTC,pro,1,Consistently high return on equity above 20% demonstrates exceptional capital efficiency,70
IRCTC,pro,3,Debt-free balance sheet provides financial flexibility and eliminates interest burden,90
IRCTC,pro,4,Revenue growing at above 15% CAGR over 5 years reflects strong business momentum,69
IRCTC,pro,5,Operating profit margin above 25% indicates strong pricing power and cost discipline,74
IRCTC,pro,6,Net profit compounding at above 20% over 5 years creates significant shareholder value,83
IRCTC,pro,7,Very high interest coverage ratio reflects negligible financial stress from debt servicing,85
IRCTC,pro,8,Consistent dividend yield above 2% backed by positive free cash flow,70
IRCTC,pro,9,Earnings per share growing above 15% CAGR indicates strong earnings quality and compounding,91
IRCTC,pro,11,Revenue growing slower than profits shows improving operating leverage and scale benefits,70
IRCTC,pro,12,Growing asset base funded by internal accruals reflects self-sustaining growth,72
IRCTC,con,3,Operating margins declining for 3 consecutive years suggest pricing or cost pressure,75
IRFC,pro,4,Revenue growing at above 15% CAGR over 5 years reflects strong business momentum,73
IRFC,pro,5,Operating profit margin above 25% indicates strong pricing power and cost discipline,100
IRFC,pro,6,Net profit compounding at above 20% over 5 years creates significant shareholder value,71
IRFC,pro,8,Consistent dividend yield above 2% backed by positive free cash flow,70
IRFC,pro,9,Earnings per share growing above 15% CAGR indicates strong earnings quality and compounding,75
IRFC,pro,11,Revenue growing slower than profits shows improving operating leverage and scale benefits,70
IRFC,pro,12,Growing asset base funded by internal accruals reflects self-sustaining growth,72
IRFC,con,6,Interest coverage ratio below 1.5x indicates the company is at risk of not meeting its debt obligations,85
IRFC,con,11,Net debt exceeding 3 times FCF is a high leverage ratio and limits financial flexibility,72
ITC,pro,1,Consistently high return on equity above 20% demonstrates exceptional capital efficiency,100
ITC,pro,2,Strong free cash flow generation over 5 years signals healthy business fundamentals,91
ITC,pro,3,Debt-free balance sheet provides financial flexibility and eliminates interest burden,90
ITC,pro,5,Operating profit margin above 25% indicates strong pricing power and cost discipline,77
ITC,pro,7,Very high interest coverage ratio reflects negligible financial stress from debt servicing,85
ITC,pro,8,Consistent dividend yield above 2% backed by positive free cash flow,70
ITC,pro,11,Revenue growing slower than profits shows improving operating leverage and scale benefits,70
ITC,con,0,Insufficient historical data to identify specific risk factors at this time,60
JINDALSTEL,pro,0,Company is part of Nifty 100 index reflecting established market position,60
JINDALSTEL,con,12,Revenue growing at below 5% over 5 years lags inflation and suggests limited business momentum,68
JIOFIN,pro,3,Debt-free balance sheet provides financial flexibility and eliminates interest burden,90
JIOFIN,pro,5,Operating profit margin above 25% indicates strong pricing power and cost discipline,100
JIOFIN,pro,7,Very high interest coverage ratio reflects negligible financial stress from debt servicing,85
JIOFIN,con,0,Insufficient historical data to identify specific risk factors at this time,60
JSWENERGY,pro,5,Operating profit margin above 25% indicates strong pricing power and cost discipline,86
JSWENERGY,pro,6,Net profit compounding at above 20% over 5 years creates significant shareholder value,65
JSWENERGY,pro,9,Earnings per share growing above 15% CAGR indicates strong earnings quality and compounding,75
JSWENERGY,pro,11,Revenue growing slower than profits shows improving operating leverage and scale benefits,70
JSWENERGY,con,8,Rising debt-to-equity ratio over 3 years suggests increasing financial leverage risk,72
JSWENERGY,con,12,Revenue growing at below 5% over 5 years lags inflation and suggests limited business momentum,68
JSWSTEEL,pro,4,Revenue growing at above 15% CAGR over 5 years reflects strong business momentum,65
JSWSTEEL,con,0,Insufficient historical data to identify specific risk factors at this time,60
KOTAKBANK,pro,5,Operating profit margin above 25% indicates strong pricing power and cost discipline,100
KOTAKBANK,pro,6,Net profit compounding at above 20% over 5 years creates significant shareholder value,65
KOTAKBANK,pro,8,Consistent dividend yield above 2% backed by positive free cash flow,70
KOTAKBANK,pro,9,Earnings per share growing above 15% CAGR indicates strong earnings quality and compounding,73
KOTAKBANK,pro,10,Return on equity improving for 3 consecutive years shows strengthening business quality,75
KOTAKBANK,pro,11,Revenue growing slower than profits shows improving operating leverage and scale benefits,70
KOTAKBANK,con,6,Interest coverage ratio below 1.5x indicates the company is at risk of not meeting its debt obligations,85
KOTAKBANK,con,11,Net debt exceeding 3 times FCF is a high leverage ratio and limits financial flexibility,72
LICI,pro,1,Consistently high return on equity above 20% demonstrates exceptional capital efficiency,85
LICI,pro,2,Strong free cash flow generation over 5 years signals healthy business fundamentals,73
LICI,pro,3,Debt-free balance sheet provides financial flexibility and eliminates interest burden,90
LICI,pro,6,Net profit compounding at above 20% over 5 years creates significant shareholder value,100
LICI,pro,7,Very high interest coverage ratio reflects negligible financial stress from debt servicing,85
LICI,pro,8,Consistent dividend yield above 2% backed by positive free cash flow,70
LICI,pro,11,Revenue growing slower than profits shows improving operating leverage and scale benefits,70
LICI,con,0,Insufficient historical data to identify specific risk factors at this time,60
LODHA,pro,5,Operating profit margin above 25% indicates strong pricing power and cost discipline,65
LODHA,pro,12,Growing asset base funded by internal accruals reflects self-sustaining growth,72
LODHA,con,5,Revenue contraction over 2 consecutive years indicates demand weakness or market share loss,80
LT,pro,1,Consistently high return on equity above 20% demonstrates exceptional capital efficiency,100
LT,pro,8,Consistent dividend yield above 2% backed by positive free cash flow,70
LT,pro,10,Return on equity improving for 3 consecutive years shows strengthening business quality,75
LT,con,3,Operating margins declining for 3 consecutive years suggest pricing or cost pressure,75
LT,con,8,Rising debt-to-equity ratio over 3 years suggests increasing financial leverage risk,72
LTIM,pro,1,Consistently high return on equity above 20% demonstrates exceptional capital efficiency,100
LTIM,pro,2,Strong free cash flow generation over 5 years signals healthy business fundamentals,91
LTIM,pro,4,Revenue growing at above 15% CAGR over 5 years reflects strong business momentum,95
LTIM,pro,6,Net profit compounding at above 20% over 5 years creates significant shareholder value,73
LTIM,pro,7,Very high interest coverage ratio reflects negligible financial stress from debt servicing,85
LTIM,pro,8,Consistent dividend yield above 2% backed by positive free cash flow,70
LTIM,con,3,Operating margins declining for 3 consecutive years suggest pricing or cost pressure,75
LTIM,con,8,Rising debt-to-equity ratio over 3 years suggests increasing financial leverage risk,72
M&M,pro,9,Earnings per share growing above 15% CAGR indicates strong earnings quality and compounding,67
M&M,pro,11,Revenue growing slower than profits shows improving operating leverage and scale benefits,70
M&M,con,0,Insufficient historical data to identify specific risk factors at this time,60
MARUTI,pro,2,Strong free cash flow generation over 5 years signals healthy business fundamentals,85
MARUTI,pro,3,Debt-free balance sheet provides financial flexibility and eliminates interest burden,90
MARUTI,pro,7,Very high interest coverage ratio reflects negligible financial stress from debt servicing,85
MARUTI,pro,8,Consistent dividend yield above 2% backed by positive free cash flow,70
MARUTI,pro,10,Return on equity improving for 3 consecutive years shows strengthening business quality,75
MARUTI,pro,11,Revenue growing slower than profits shows improving operating leverage and scale benefits,70
MARUTI,con,0,Insufficient historical data to identify specific risk factors at this time,60
MOTHERSON,pro,2,Strong free cash flow generation over 5 years signals healthy business fundamentals,76
MOTHERSON,pro,8,Consistent dividend yield above 2% backed by positive free cash flow,70
MOTHERSON,pro,10,Return on equity improving for 3 consecutive years shows strengthening business quality,75
MOTHERSON,con,11,Net debt exceeding 3 times FCF is a high leverage ratio and limits financial flexibility,72
NAUKRI,pro,3,Debt-free balance sheet provides financial flexibility and eliminates interest burden,90
NAUKRI,pro,4,Revenue growing at above 15% CAGR over 5 years reflects strong business momentum,69
NAUKRI,pro,5,Operating profit margin above 25% indicates strong pricing power and cost discipline,68
NAUKRI,pro,7,Very high interest coverage ratio reflects negligible financial stress from debt servicing,85
NAUKRI,con,8,Rising debt-to-equity ratio over 3 years suggests increasing financial leverage risk,72
NAUKRI,con,10,Return on capital employed below 10% suggests the business is not generating sufficient returns on invested capital,70
NESTLEIND,pro,1,Consistently high return on equity above 20% demonstrates exceptional capital efficiency,100
NESTLEIND,pro,2,Strong free cash flow generation over 5 years signals healthy business fundamentals,91
NESTLEIND,pro,7,Very high interest coverage ratio reflects negligible financial stress from debt servicing,85
NESTLEIND,pro,8,Consistent dividend yield above 2% backed by positive free cash flow,70
NESTLEIND,pro,9,Earnings per share growing above 15% CAGR indicates strong earnings quality and compounding,65
NESTLEIND,pro,11,Revenue growing slower than profits shows improving operating leverage and scale benefits,70
NESTLEIND,con,0,Insufficient historical data to identify specific risk factors at this time,60
NHPC,pro,2,Strong free cash flow generation over 5 years signals healthy business fundamentals,91
NHPC,pro,5,Operating profit margin above 25% indicates strong pricing power and cost discipline,89
NHPC,pro,7,Very high interest coverage ratio reflects negligible financial stress from debt servicing,85
NHPC,pro,8,Consistent dividend yield above 2% backed by positive free cash flow,70
NHPC,pro,11,Revenue growing slower than profits shows improving operating leverage and scale benefits,70
NHPC,con,8,Rising debt-to-equity ratio over 3 years suggests increasing financial leverage risk,72
NHPC,con,10,Return on capital employed below 10% suggests the business is not generating sufficient returns on invested capital,70
NHPC,con,11,Net debt exceeding 3 times FCF is a high leverage ratio and limits financial flexibility,72
NHPC,con,12,Revenue growing at below 5% over 5 years lags inflation and suggests limited business momentum,68
NTPC,pro,5,Operating profit margin above 25% indicates strong pricing power and cost discipline,68
NTPC,pro,8,Consistent dividend yield above 2% backed by positive free cash flow,70
NTPC,pro,12,Growing asset base funded by internal accruals reflects self-sustaining growth,72
NTPC,con,11,Net debt exceeding 3 times FCF is a high leverage ratio and limits financial flexibility,72
ONGC,pro,2,Strong free cash flow generation over 5 years signals healthy business fundamentals,73
ONGC,pro,7,Very high interest coverage ratio reflects negligible financial stress from debt servicing,85
ONGC,pro,8,Consistent dividend yield above 2% backed by positive free cash flow,70
ONGC,pro,11,Revenue growing slower than profits shows improving operating leverage and scale benefits,70
ONGC,con,0,Insufficient historical data to identify specific risk factors at this time,60
PFC,pro,1,Consistently high return on equity above 20% demonstrates exceptional capital efficiency,75
PFC,pro,5,Operating profit margin above 25% indicates strong pricing power and cost discipline,76
PFC,pro,11,Revenue growing slower than profits shows improving operating leverage and scale benefits,70
PFC,pro,12,Growing asset base funded by internal accruals reflects self-sustaining growth,72
PFC,con,6,Interest coverage ratio below 1.5x indicates the company is at risk of not meeting its debt obligations,85
PIDILITIND,pro,3,Debt-free balance sheet provides financial flexibility and eliminates interest burden,90
PIDILITIND,pro,7,Very high interest coverage ratio reflects negligible financial stress from debt servicing,85
PIDILITIND,pro,8,Consistent dividend yield above 2% backed by positive free cash flow,70
PIDILITIND,pro,11,Revenue growing slower than profits shows improving operating leverage and scale benefits,70
PIDILITIND,pro,12,Growing asset base funded by internal accruals reflects self-sustaining growth,72
PIDILITIND,con,0,Insufficient historical data to identify specific risk factors at this time,60
PNB,pro,1,Consistently high return on equity above 20% demonstrates exceptional capital efficiency,75
PNB,pro,4,Revenue growing at above 15% CAGR over 5 years reflects strong business momentum,65
PNB,pro,12,Growing asset base funded by internal accruals reflects self-sustaining growth,72
PNB,con,0,Insufficient historical data to identify specific risk factors at this time,60
POWERGRID,pro,2,Strong free cash flow generation over 5 years signals healthy business fundamentals,73
POWERGRID,pro,5,Operating profit margin above 25% indicates strong pricing power and cost discipline,100
POWERGRID,pro,8,Consistent dividend yield above 2% backed by positive free cash flow,70
POWERGRID,pro,11,Revenue growing slower than profits shows improving operating leverage and scale benefits,70
POWERGRID,pro,12,Growing asset base funded by internal accruals reflects self-sustaining growth,72
POWERGRID,con,11,Net debt exceeding 3 times FCF is a high leverage ratio and limits financial flexibility,72
RECLTD,pro,5,Operating profit margin above 25% indicates strong pricing power and cost discipline,100
RECLTD,pro,9,Earnings per share growing above 15% CAGR indicates strong earnings quality and compounding,73
RECLTD,pro,11,Revenue growing slower than profits shows improving operating leverage and scale benefits,70
RECLTD,con,2,Free cash flow negative for 3 consecutive years raises concern about cash generation quality,85
RELIANCE,pro,8,Consistent dividend yield above 2% backed by positive free cash flow,70
RELIANCE,pro,11,Revenue growing slower than profits shows improving operating leverage and scale benefits,70
RELIANCE,con,11,Net debt exceeding 3 times FCF is a high leverage ratio and limits financial flexibility,72
SBILIFE,pro,3,Debt-free balance sheet provides financial flexibility and eliminates interest burden,90
SBILIFE,pro,4,Revenue growing at above 15% CAGR over 5 years reflects strong business momentum,83
SBILIFE,pro,7,Very high interest coverage ratio reflects negligible financial stress from debt servicing,85
SBILIFE,con,0,Insufficient historical data to identify specific risk factors at this time,60
SBIN,pro,6,Net profit compounding at above 20% over 5 years creates significant shareholder value,100
SBIN,pro,8,Consistent dividend yield above 2% backed by positive free cash flow,70
SBIN,pro,9,Earnings per share growing above 15% CAGR indicates strong earnings quality and compounding,100
SBIN,pro,11,Revenue growing slower than profits shows improving operating leverage and scale benefits,70
SBIN,con,6,Interest coverage ratio below 1.5x indicates the company is at risk of not meeting its debt obligations,85
SHREECEM,pro,3,Debt-free balance sheet provides financial flexibility and eliminates interest burden,90
SHREECEM,pro,7,Very high interest coverage ratio reflects negligible financial stress from debt servicing,85
SHREECEM,pro,8,Consistent dividend yield above 2% backed by positive free cash flow,70
SHREECEM,pro,11,Revenue growing slower than profits shows improving operating leverage and scale benefits,70
SHREECEM,con,0,Insufficient historical data to identify specific risk factors at this time,60
SHRIRAMFIN,pro,4,Revenue growing at above 15% CAGR over 5 years reflects strong business momentum,71
SHRIRAMFIN,pro,5,Operating profit margin above 25% indicates strong pricing power and cost discipline,68
SHRIRAMFIN,pro,6,Net profit compounding at above 20% over 5 years creates significant shareholder value,71
SHRIRAMFIN,pro,10,Return on equity improving for 3 consecutive years shows strengthening business quality,75
SHRIRAMFIN,pro,11,Revenue growing slower than profits shows improving operating leverage and scale benefits,70
SHRIRAMFIN,con,2,Free cash flow negative for 3 consecutive years raises concern about cash generation quality,100
SHRIRAMFIN,con,6,Interest coverage ratio below 1.5x indicates the company is at risk of not meeting its debt obligations,85
SIEMENS,pro,3,Debt-free balance sheet provides financial flexibility and eliminates interest burden,90
SIEMENS,pro,7,Very high interest coverage ratio reflects negligible financial stress from debt servicing,85
SIEMENS,pro,8,Consistent dividend yield above 2% backed by positive free cash flow,70
SIEMENS,pro,9,Earnings per share growing above 15% CAGR indicates strong earnings quality and compounding,73
SIEMENS,pro,10,Return on equity improving for 3 consecutive years shows strengthening business quality,75
SIEMENS,pro,11,Revenue growing slower than profits shows improving operating leverage and scale benefits,70
SIEMENS,con,0,Insufficient historical data to identify specific risk factors at this time,60
SUNPHARMA,pro,3,Debt-free balance sheet provides financial flexibility and eliminates interest burden,90
SUNPHARMA,pro,5,Operating profit margin above 25% indicates strong pricing power and cost discipline,66
SUNPHARMA,pro,6,Net profit compounding at above 20% over 5 years creates significant shareholder value,73
SUNPHARMA,pro,7,Very high interest coverage ratio reflects negligible financial stress from debt servicing,85
SUNPHARMA,pro,8,Consistent dividend yield above 2% backed by positive free cash flow,70
SUNPHARMA,pro,9,Earnings per share growing above 15% CAGR indicates strong earnings quality and compounding,93
SUNPHARMA,pro,11,Revenue growing slower than profits shows improving operating leverage and scale benefits,70
SUNPHARMA,con,0,Insufficient historical data to identify specific risk factors at this time,60
TATACONSUM,pro,2,Strong free cash flow generation over 5 years signals healthy business fundamentals,91
TATACONSUM,pro,4,Revenue growing at above 15% CAGR over 5 years reflects strong business momentum,65
TATACONSUM,pro,6,Net profit compounding at above 20% over 5 years creates significant shareholder value,67
TATACONSUM,pro,7,Very high interest coverage ratio reflects negligible financial stress from debt servicing,85
TATACONSUM,pro,8,Consistent dividend yield above 2% backed by positive free cash flow,70
TATACONSUM,pro,11,Revenue growing slower than profits shows improving operating leverage and scale benefits,70
TATACONSUM,con,8,Rising debt-to-equity ratio over 3 years suggests increasing financial leverage risk,72
TATACONSUM,con,11,Net debt exceeding 3 times FCF is a high leverage ratio and limits financial flexibility,72
TATAMOTORS,pro,8,Consistent dividend yield above 2% backed by positive free cash flow,70
TATAMOTORS,pro,10,Return on equity improving for 3 consecutive years shows strengthening business quality,75
TATAMOTORS,pro,12,Growing asset base funded by internal accruals reflects self-sustaining growth,72
TATAMOTORS,con,0,Insufficient historical data to identify specific risk factors at this time,60
TATAPOWER,pro,4,Revenue growing at above 15% CAGR over 5 years reflects strong business momentum,65
TATAPOWER,pro,8,Consistent dividend yield above 2% backed by positive free cash flow,70
TATAPOWER,pro,12,Growing asset base funded by internal accruals reflects self-sustaining growth,72
TATAPOWER,con,11,Net debt exceeding 3 times FCF is a high leverage ratio and limits financial flexibility,72
TATASTEEL,pro,2,Strong free cash flow generation over 5 years signals healthy business fundamentals,70
TATASTEEL,con,3,Operating margins declining for 3 consecutive years suggest pricing or cost pressure,75
TATASTEEL,con,4,Company reported a net loss in the most recent financial year,90
TATASTEEL,con,8,Rising debt-to-equity ratio over 3 years suggests increasing financial leverage risk,72
TATASTEEL,con,9,Earnings per share declining for 3 consecutive years reflects deteriorating profitability,75
TATASTEEL,con,10,Return on capital employed below 10% suggests the business is not generating sufficient returns on invested capital,70
TATASTEEL,con,11,Net debt exceeding 3 times FCF is a high leverage ratio and limits financial flexibility,72
TCS,pro,1,Consistently high return on equity above 20% demonstrates exceptional capital efficiency,100
TCS,pro,2,Strong free cash flow generation over 5 years signals healthy business fundamentals,91
TCS,pro,3,Debt-free balance sheet provides financial flexibility and eliminates interest burden,90
TCS,pro,5,Operating profit margin above 25% indicates strong pricing power and cost discipline,66
TCS,pro,7,Very high interest coverage ratio reflects negligible financial stress from debt servicing,85
TCS,pro,8,Consistent dividend yield above 2% backed by positive free cash flow,70
TCS,pro,10,Return on equity improving for 3 consecutive years shows strengthening business quality,75
TCS,con,0,Insufficient historical data to identify specific risk factors at this time,60
TECHM,pro,2,Strong free cash flow generation over 5 years signals healthy business fundamentals,91
TECHM,pro,3,Debt-free balance sheet provides financial flexibility and eliminates interest burden,90
TECHM,pro,7,Very high interest coverage ratio reflects negligible financial stress from debt servicing,85
TECHM,pro,8,Consistent dividend yield above 2% backed by positive free cash flow,70
TECHM,con,3,Operating margins declining for 3 consecutive years suggest pricing or cost pressure,75
TECHM,con,9,Earnings per share declining for 3 consecutive years reflects deteriorating profitability,75
TITAN,pro,1,Consistently high return on equity above 20% demonstrates exceptional capital efficiency,70
TITAN,pro,4,Revenue growing at above 15% CAGR over 5 years reflects strong business momentum,75
TITAN,pro,6,Net profit compounding at above 20% over 5 years creates significant shareholder value,65
TITAN,pro,8,Consistent dividend yield above 2% backed by positive free cash flow,70
TITAN,pro,9,Earnings per share growing above 15% CAGR indicates strong earnings quality and compounding,73
TITAN,pro,10,Return on equity improving for 3 consecutive years shows strengthening business quality,75
TITAN,con,8,Rising debt-to-equity ratio over 3 years suggests increasing financial leverage risk,72
TITAN,con,11,Net debt exceeding 3 times FCF is a high leverage ratio and limits financial flexibility,72
TORNTPHARM,pro,2,Strong free cash flow generation over 5 years signals healthy business fundamentals,73
TORNTPHARM,pro,5,Operating profit margin above 25% indicates strong pricing power and cost discipline,71
TORNTPHARM,pro,6,Net profit compounding at above 20% over 5 years creates significant shareholder value,85
TORNTPHARM,pro,8,Consistent dividend yield above 2% backed by positive free cash flow,70
TORNTPHARM,pro,9,Earnings per share growing above 15% CAGR indicates strong earnings quality and compounding,95
TORNTPHARM,pro,10,Return on equity improving for 3 consecutive years shows strengthening business quality,75
TORNTPHARM,pro,11,Revenue growing slower than profits shows improving operating leverage and scale benefits,70
TORNTPHARM,con,0,Insufficient historical data to identify specific risk factors at this time,60
TRENT,pro,4,Revenue growing at above 15% CAGR over 5 years reflects strong business momentum,100
TRENT,pro,6,Net profit compounding at above 20% over 5 years creates significant shareholder value,100
TRENT,pro,8,Consistent dividend yield above 2% backed by positive free cash flow,70
TRENT,pro,9,Earnings per share growing above 15% CAGR indicates strong earnings quality and compounding,100
TRENT,pro,10,Return on equity improving for 3 consecutive years shows strengthening business quality,75
TRENT,pro,11,Revenue growing slower than profits shows improving operating leverage and scale benefits,70
TRENT,pro,12,Growing asset base funded by internal accruals reflects self-sustaining growth,72
TRENT,con,0,Insufficient historical data to identify specific risk factors at this time,60
TVSMOTOR,pro,9,Earnings per share growing above 15% CAGR indicates strong earnings quality and compounding,73
TVSMOTOR,pro,10,Return on equity improving for 3 consecutive years shows strengthening business quality,75
TVSMOTOR,pro,11,Revenue growing slower than profits shows improving operating leverage and scale benefits,70
TVSMOTOR,con,1,Debt-to-equity ratio of 3.8 is elevated for a non-financial company and warrants monitoring,74
TVSMOTOR,con,2,Free cash flow negative for 3 consecutive years raises concern about cash generation quality,65
